alpha,lambda,validation_RMSE,validation_MAE,validation_MAPE,model
0,8073.7033438151775,15.258711023231754,12.486372367142824,25.023249992882654,Ridge regression
0,7356.457790809477,15.162636905955045,12.407404912083383,24.875551516430203,Ridge regression
0,6702.930355921226,15.153372449347392,12.39978189269739,24.861292599283498,Ridge regression
0,6107.460497151362,15.143225388414372,12.391430982695304,24.845671937966067,Ridge regression
0,5564.890539450911,15.132113905267445,12.38228436733999,24.828562626824546,Ridge regression
0,5070.5210014071035,15.119948962534476,12.372268177720779,24.809826415546176,Ridge regression
0,4620.069890583568,15.106633831120151,12.361302079174449,24.789312941959654,Ridge regression
0,4209.63561495031,15.092063532649263,12.349298784377499,24.766858817629366,Ridge regression
0,3835.663189160047,15.076124263805816,12.336163546107333,24.742286674710606,Ridge regression
0,3494.913442965795,15.058692807275003,12.32179363256688,24.715404179350102,Ridge regression
0,3184.434965077788,15.039635935495825,12.306077789244968,24.686003018910487,Ridge regression
0,2901.538539450809,15.018809815210997,12.288895692572089,24.653857872680923,Ridge regression
0,2643.77385258131,14.996059422889523,12.270117402153627,24.618725378555958,Ridge regression
0,2408.908270064052,14.97121798352569,12.249602820145347,24.580343111468373,Ridge regression
0,2194.907498580957,14.94410431242881,12.227216502508497,24.538471009274577,Ridge regression
0,1999.9179658255791,14.914530245276863,12.202803876479882,24.49282328621343,Ridge regression
0,1822.2507657465173,14.882289188702895,12.176171987268594,24.44302358006934,Ridge regression
0,1660.3670300511576,14.847162768133453,12.147135508772262,24.38872469438221,Ridge regression
0,1512.864599264702,14.808919042727739,12.115496828835559,24.329556314624607,Ridge regression
0,1378.4658778955811,14.767312527071455,12.081045865665313,24.265124637322764,Ridge regression
0,1256.0067685144952,14.722084422483698,12.043560025451303,24.195012258601892,Ridge regression
0,1144.4265888993768,14.672963102495952,12.002804334334645,24.11877838350991,Ridge regression
0,1042.7588849134042,14.619664901778327,11.95853178176258,24.035959424720733,Ridge regression
0,950.1230595416116,14.561895262071369,11.910605118761671,23.946391100466798,Ridge regression
0,865.716745580816,14.499350292165492,11.858810854283524,23.849714971339086,Ridge regression
0,788.8088559187481,14.431718801198468,11.803050687000805,23.745881926216367,Ridge regression
0,718.7332512072325,14.358684864956054,11.742734655954644,23.63355108206771,Ridge regression
0,654.8829700818281,14.279930982807553,11.67757432402941,23.51218153591134,Ridge regression
0,596.704971952856,14.195141877643733,11.607278174463843,23.38122592030982,Ridge regression
0,543.69534683238,14.10400898190189,11.531554641619115,23.240135936990306,Ridge regression
0,495.39495070695824,14.006235638631631,11.450141550328189,23.08843652030246,Ridge regression
0,451.385428651849,13.901543026781912,11.363196729961869,22.92674397803077,Ridge regression
0,411.28559124079027,13.789676793806253,11.27011235859157,22.75366204867471,Ridge regression
0,374.74811286554694,13.670414345851135,11.170933652898311,22.56948751341668,Ridge regression
0,341.45652336765016,13.54357270614148,11.06508026669712,22.37286174705251,Ridge regression
0,311.12246692528106,13.409016806147765,10.95317183457173,22.165506225126386,Ridge regression
0,283.48320445308923,13.266668022818761,10.83486277938369,21.946635851162874,Ridge regression
0,258.29933788192756,13.116512720506519,10.709488555215568,21.71460253845888,Ridge regression
0,235.35273660730311,12.958610501018306,10.577897046109515,21.471568991797035,Ridge regression
0,214.44464814643308,12.793101813279215,10.439789244318883,21.21678467537399,Ridge regression
0,195.3939766393203,12.620193706098624,10.294929600831217,20.949610777886193,Ridge regression
0,178.0357142830486,12.440235180015788,10.143174529226556,20.669543259755557,Ridge regression
0,162.21951211313234,12.253629041860128,9.98493632453552,20.377486595322548,Ridge regression
0,147.80837775271166,12.060886587248651,9.82178498430384,20.077101750952284,Ridge regression
0,134.6774888501201,11.862613955398087,9.652854906724487,19.766001665445145,Ridge regression
0,122.71311192738852,11.659507580945998,9.47848471311568,19.444722322378183,Ridge regression
0,111.81161727526785,11.452346591295502,9.300248927716481,19.116753249775524,Ridge regression
0,101.87858136226329,11.241982127693182,9.117633243334906,18.780624365016386,Ridge regression
0,92.82796898317594,11.029323726834122,8.932154567826515,18.439618839882893,Ridge regression
0,84.58138806331372,10.815323067913656,8.746648191466772,18.10047978344002,Ridge regression
0,77.06741066384268,10.600955555478475,8.564712290818596,17.770412842871693,Ridge regression
0,70.22095430715115,10.387200359253354,8.38469665329098,17.445010531450958,Ridge regression
0,63.982718263563676,10.175019658352486,8.206485483631946,17.123392764819044,Ridge regression
0,58.29866991678953,9.965337932030017,8.027524762734993,16.79964254547156,Ridge regression
0,53.1195767592491,9.759022198378494,7.848378467121921,16.474703993059684,Ridge regression
0,48.4005799636457,9.556864123228033,7.672370234190744,16.156006889460517,Ridge regression
0,44.10080583726354,9.35956489917018,7.502298964946224,15.848689277946555,Ridge regression
0,40.18301179359511,9.167723719768608,7.338992040508176,15.554341928796125,Ridge regression
0,36.61326377487333,8.981830531747267,7.181805690952635,15.271491808391957,Ridge regression
0,33.36064233149699,8.802263520143766,7.028413778827262,14.995042340211405,Ridge regression
0,30.396974812549857,8.62929145296404,6.8798877104189895,14.727045779922314,Ridge regression
0,27.69659134777603,8.462755773043494,6.737894221478039,14.47093582084869,Ridge regression
0,25.236102507444024,8.30355414229853,6.6019437819358116,14.225632024771611,Ridge regression
0,22.994196714295704,8.151237494143244,6.47255141990689,13.991929016913144,Ridge regression
0,20.9514556528594,8.005715241936644,6.351175803624773,13.772777740623704,Ridge regression
0,19.09018607729082,7.866836086079991,6.237198497704528,13.566228661601578,Ridge regression
0,17.394266560941844,7.734404482682217,6.126157572870628,13.363759891164205,Ridge regression
0,15.849007860275263,7.60819614466564,6.021231057057319,13.172556150718309,Ridge regression
0,14.441025683664462,7.487970933224219,5.919058804870228,12.985218405006325,Ridge regression
0,13.158124763062277,7.373481962190483,5.822396774309381,12.807172624568855,Ridge regression
0,11.989193224423294,7.264480757291234,5.730306355448578,12.636776234204074,Ridge regression
0,10.924106341966677,7.16071955949158,5.641237635859752,12.471203639129284,Ridge regression
0,9.953638842645054,7.061952689372471,5.556101400045179,12.311916293336553,Ridge regression
0,9.069385001242654,6.9679387522640654,5.4754529238216945,12.15989659851669,Ridge regression
0,8.263685834004738,6.878444408532323,5.397809806858913,12.012371408925748,Ridge regression
0,7.529562760184282,6.793249162264463,5.326093073655319,11.875315238051792,Ridge regression
0,6.860657156914061,6.7121499250894425,5.257778626976097,11.744350588430104,Ridge regression
0,6.251175283857273,6.634964232543211,5.194643337486587,11.62316126683521,Ridge regression
0,5.695838100600418,6.561531582018862,5.134451262980449,11.507137655561998,Ridge regression
0,5.189835542130691,6.491712949147028,5.077612276876889,11.396285613219852,Ridge regression
0,4.728784856353925,6.425491254361475,5.024841001975495,11.294674897595943,Ridge regression
0,4.30869264279263,6.362530238882952,4.973939978529979,11.196567205764111,Ridge regression
0,3.925920263661464,6.30285104001679,4.924676495858669,11.10152405679016,Ridge regression
0,3.577152327727428,6.2463943340713035,4.8765117549815296,11.008269084021089,Ridge regression
0,3.2593679739770614,6.193084396853074,4.831173647587625,10.919752003276646,Ridge regression
0,2.9698147063634974,6.1428540265183145,4.789062197778412,10.837364914428752,Ridge regression
0,2.7059845530024766,6.0956376854199235,4.749810681322313,10.760009735082964,Ridge regression
0,2.4655923433196767,6.051315462984264,4.713065006008344,10.68722363979054,Ridge regression
0,2.2465559149964043,6.009897444695221,4.679931762235539,10.621169703340238,Ridge regression
0,2.0469780792756787,5.971277607274513,4.649742015945427,10.561039034877727,Ridge regression
0,1.8651301884208178,5.9353884788363045,4.621785433761934,10.505123812261356,Ridge regression
0,1.6994371629957141,5.902148693665152,4.595072759563911,10.451374586097877,Ridge regression
0,1.5484638492802627,5.871373743674978,4.56998876390318,10.40026075295544,Ridge regression
0,1.4109025886554039,5.843155365535257,4.547518679562115,10.353997498040817,Ridge regression
0,1.2855618912897362,5.817295837431783,4.525981396322569,10.309430861701147,Ridge regression
0,1.1713561160245969,5.793704936949345,4.505784426839678,10.26726756876768,Ridge regression
0,1.0672960670697067,5.77227682956308,4.488852992150693,10.23061326010107,Ridge regression
0,0.972480426062456,5.752898576243147,4.473020665889775,10.195953846939894,Ridge regression
0,0.8860879452794327,5.735455093076713,4.459313798065592,10.16479095251249,Ridge regression
0,0.8073703343815187,5.71982977980446,4.446816131708127,10.135783435245264,Ridge regression
0.25,32.29481337526068,15.258711023231754,12.486372367142824,25.023249992882654,Elastic Net
0.25,29.425831163237902,14.96681519638244,12.24270548432432,24.545146441323695,Elastic Net
0.25,26.8117214236849,14.609093394760443,11.944129860068859,23.967447356017743,Elastic Net
0.25,24.429841988605443,14.133635865013115,11.550314893745119,23.220690408524554,Elastic Net
0.25,22.25956215780364,13.54249266654317,11.062765947482632,22.307114099710898,Elastic Net
0.25,20.282084005628413,12.975467378878893,10.595451612610796,21.437227248730903,Elastic Net
0.25,18.480279562334267,12.43780530377924,10.149568206073692,20.610543662570578,Elastic Net
0.25,16.83854245980124,11.90527988588764,9.69827621075634,19.776908221989085,Elastic Net
0.25,15.342652756640184,11.393359747942627,9.258451015355334,18.96468320045955,Elastic Net
0.25,13.979653771863179,10.908969895115355,8.847043452796933,18.21014515378024,Elastic Net
0.25,12.73773986031115,10.46426004260292,8.46487536624725,17.510093079338645,Elastic Net
0.25,11.606154157803234,10.057589820674938,8.115236940315684,16.87264909297751,Elastic Net
0.25,10.575095410325238,9.662284156001519,7.779322435155281,16.25360273335734,Elastic Net
0.25,9.635633080256206,9.28647131752164,7.464472117294774,15.669959672260724,Elastic Net
0.25,8.779629994323825,8.941071986450888,7.175220517449134,15.134952590348194,Elastic Net
0.25,7.999671863302313,8.625172894824965,6.908000523552072,14.640274004564418,Elastic Net
0.25,7.289003062986068,8.337130784707563,6.666564745133828,14.193911847089074,Elastic Net
0.25,6.641468120204629,8.075117448472664,6.446728475775903,13.786763021506617,Elastic Net
0.25,6.0514583970588065,7.8373244654666046,6.248360400801747,13.418765487470775,Elastic Net
0.25,5.513863511582324,7.621982105890851,6.06595697165485,13.079534618723898,Elastic Net
0.25,5.0240270740579795,7.427377257537112,5.8993063671940025,12.76888163817393,Elastic Net
0.25,4.577706355597506,7.2522286907283355,5.7519871104985825,12.496008126785899,Elastic Net
0.25,4.171035539653616,7.094223537289427,5.618902579200491,12.249618506287703,Elastic Net
0.25,3.800492238166445,6.95554098645133,5.498711610433494,12.022346852361009,Elastic Net
0.25,3.4628669823232623,6.831959699053793,5.387387751295529,11.802023402008965,Elastic Net
0.25,3.155235423674991,6.71398186894643,5.27976775540855,11.587242240290614,Elastic Net
0.25,2.8749330048289283,6.608376454172014,5.182088696934581,11.39123884854077,Elastic Net
0.25,2.619531880327311,6.513873646568582,5.096294788474856,11.219650870865756,Elastic Net
0.25,2.3868198878114226,6.429136234386113,5.021224809093132,11.068340925853837,Elastic Net
0.25,2.174781387329519,6.353426223734983,4.953150253173493,10.930306380009382,Elastic Net
0.25,1.9815798028278317,6.285894636924072,4.891637946881946,10.804829221793222,Elastic Net
0.25,1.805541714607395,6.225753801809963,4.836878912668895,10.692989869425476,Elastic Net
0.25,1.64514236496316,6.172275512767257,4.785903470087609,10.58854343189946,Elastic Net
0.25,1.498992451462187,6.1247884444160405,4.739080544486442,10.49222228860547,Elastic Net
0.25,1.3658260934706001,6.082675731946384,4.697202554503866,10.40530599092959,Elastic Net
0.25,1.244489867701124,6.045159626833287,4.659850957082776,10.327324143230394,Elastic Net
0.25,1.1339328178123567,6.010698300263645,4.62599759247612,10.255990826028732,Elastic Net
0.25,1.0331973515277098,5.979369852939322,4.595438915493859,10.191408197067737,Elastic Net
0.25,0.941410946429212,5.95007787895227,4.5662179621652585,10.129413219970894,Elastic Net
0.25,0.857778592585732,5.91708131409883,4.539039754749585,10.083902421999268,Elastic Net
0.25,0.7815759065572809,5.886700327623448,4.513789273353502,10.042237979670084,Elastic Net
0.25,0.7121428571321942,5.859178171738698,4.491435700020441,10.006154959236127,Elastic Net
0.25,0.648878048452529,5.827171269338353,4.465250227710272,9.966495272605464,Elastic Net
0.25,0.5912335110108464,5.798837162920942,4.443625492302222,9.936791614992012,Elastic Net
0.25,0.5387099554004803,5.768734643220058,4.420685518641707,9.900602348479902,Elastic Net
0.25,0.4908524477095539,5.742406117897586,4.401101059711217,9.869806006147368,Elastic Net
0.25,0.44724646910107124,5.719806906012248,4.384023156492233,9.843238458273808,Elastic Net
0.25,0.407514325449053,5.700483469123353,4.368236860338066,9.818608111775037,Elastic Net
0.25,0.3713118759327036,5.684025887337028,4.354679192704532,9.797462819353408,Elastic Net
0.25,0.33832555225325484,5.670813154352396,4.3443125262932005,9.781693232635947,Elastic Net
0.25,0.30826964265537066,5.659386811730485,4.335598384055503,9.76951806599467,Elastic Net
0.25,0.2808838172286045,5.649233749159526,4.32871560524398,9.760394387780012,Elastic Net
0.25,0.25593087305425466,5.639983942906185,4.32233769210552,9.751720715093061,Elastic Net
0.25,0.23319467966715807,5.632273793793764,4.316616356104213,9.7439813104873,Elastic Net
0.25,0.21247830703699638,5.625885645159205,4.312457796099365,9.738873732923778,Elastic Net
0.25,0.19360231985458276,5.620546597093216,4.309377139769915,9.736000415666101,Elastic Net
0.25,0.17640322334905414,5.615776794530765,4.305915877778461,9.731319544726228,Elastic Net
0.25,0.1607320471743804,5.612357741679882,4.303709602052211,9.729500191293452,Elastic Net
0.25,0.14645305509949327,5.609494790130932,4.302258495350417,9.728777958728733,Elastic Net
0.25,0.1334425693259879,5.606854676283234,4.300988409288675,9.72746362850813,Elastic Net
0.25,0.12158789925019937,5.60561879739624,4.300283745502423,9.727636447623178,Elastic Net
0.25,0.11078636539110409,5.604368616789642,4.299677167529754,9.727718667528128,Elastic Net
0.25,0.10094441002977604,5.603727073064636,4.299613041909429,9.728044196515745,Elastic Net
0.25,0.09197678685718277,5.602975573013899,4.3019792329038715,9.737078604499434,Elastic Net
0.25,0.08380582261143757,5.603150399887961,4.304835034714209,9.746239461925878,Elastic Net
0.25,0.07636074430916324,5.604885538206309,4.309373784188526,9.75864061497844,Elastic Net
0.25,0.06957706624376735,5.606840954217088,4.313849928880374,9.769769819834448,Elastic Net
0.25,0.06339603144110104,5.608888041488157,4.318309419676197,9.780749301990038,Elastic Net
0.25,0.057764102734657825,5.610793124522024,4.322505029389931,9.790879700946654,Elastic Net
0.25,0.05263249905224909,5.612884204741412,4.326536253047885,9.800593405335631,Elastic Net
0.25,0.04795677289769316,5.614740643711861,4.330044515886623,9.80905016607607,Elastic Net
0.25,0.04369642536786669,5.616750015070985,4.333769749035207,9.818066803344264,Elastic Net
0.25,0.0398145553705802,5.6185647409891475,4.337313255760749,9.8267014899009,Elastic Net
0.25,0.036277540004970604,5.620320616320416,4.340635037197172,9.834796418451887,Elastic Net
0.25,0.03305474333601894,5.62189037130456,4.343839518097937,9.842857423558325,Elastic Net
0.25,0.030118251040737117,5.623549677112896,4.347207790498852,9.851080116981624,Elastic Net
0.25,0.027442628627656233,5.6250453050928755,4.350092370173662,9.858050951841625,Elastic Net
0.25,0.02500470113542908,5.62643626147854,4.352681094493919,9.864291605324649,Elastic Net
0.25,0.02278335240240166,5.627941170398452,4.35504896242946,9.869921941874052,Elastic Net
0.25,0.02075934216852275,5.629331507797736,4.357080839418468,9.874720301917291,Elastic Net
0.25,0.018915139425415686,5.630512451685403,4.35863905943592,9.878221805090577,Elastic Net
0.25,0.017234770571170507,5.632137673739185,4.360581926829074,9.88267289295788,Elastic Net
0.25,0.015703681054645844,5.633956855828542,4.362552419462702,9.887120413701513,Elastic Net
0.25,0.0143086093109097,5.634193898818197,4.362991900531419,9.888146036179396,Elastic Net
0.5,16.147406687630355,15.258711023231754,12.486372367142824,25.023249992882654,Elastic Net
0.5,14.712915581618951,14.725957724355057,12.041219884735082,24.150382578535755,Elastic Net
0.5,13.40586071184245,14.208177705110462,11.611380827911985,23.313444761587476,Elastic Net
0.5,12.214920994302721,13.60897312403899,11.118100805004307,22.37534088934914,Elastic Net
0.5,11.12978107890182,12.97713543748539,10.594649152705514,21.391838787455008,Elastic Net
0.5,10.141042002814206,12.33368917539589,10.063895298764336,20.399956258541188,Elastic Net
0.5,9.240139781167134,11.742169241899584,9.571108352869118,19.48460667916883,Elastic Net
0.5,8.41927122990062,11.2010953013942,9.110525345988709,18.62997882076549,Elastic Net
0.5,7.671326378320092,10.700042942609317,8.684551823831125,17.846687169109572,Elastic Net
0.5,6.989826885931589,10.248944693865724,8.299976009208613,17.14444758901945,Elastic Net
0.5,6.368869930155575,9.832865875815687,7.944182709170721,16.496044813376592,Elastic Net
0.5,5.803077078901617,9.437839915132407,7.603271352163015,15.873042704691823,Elastic Net
0.5,5.287547705162619,9.045237898265706,7.270428650178299,15.247857893255151,Elastic Net
0.5,4.817816540128103,8.678844736308191,6.961859458003963,14.663426120887626,Elastic Net
0.5,4.3898149971619125,8.349635858544321,6.681349890296939,14.132213418747455,Elastic Net
0.5,3.9998359316511567,8.055064741383648,6.434945186662507,13.668031722628255,Elastic Net
0.5,3.644501531493034,7.792263718109418,6.216684632683503,13.259172358364925,Elastic Net
0.5,3.3207340601023145,7.558614380964915,6.019806979562728,12.891539947764754,Elastic Net
0.5,3.0257291985294033,7.351208063140874,5.840842896985844,12.557320723895819,Elastic Net
0.5,2.756931755791162,7.16768878874941,5.679395644263018,12.255881699299758,Elastic Net
0.5,2.5120135370289898,7.005775293605926,5.53956819692016,11.996300297258957,Elastic Net
0.5,2.288853177798753,6.863114993010651,5.414271691065241,11.764267962118058,Elastic Net
0.5,2.085517769826808,6.734990056874785,5.2987659442303325,11.552747333694786,Elastic Net
0.5,1.9002461190832225,6.617714164061938,5.191076662580447,11.35578687235803,Elastic Net
0.5,1.7314334911616311,6.504618084127511,5.089412262116576,11.167748380545168,Elastic Net
0.5,1.5776177118374954,6.40600140471823,5.0011009308356495,11.004328956653282,Elastic Net
0.5,1.4374665024144642,6.325434959458177,4.9236880556539,10.850050986632573,Elastic Net
0.5,1.3097659401636554,6.254969888582777,4.855368658092798,10.711699467394393,Elastic Net
0.5,1.1934099439057113,6.193431509065627,4.795742552910657,10.590437199435037,Elastic Net
0.5,1.0873906936647595,6.139550256700893,4.743103101405401,10.482840734988537,Elastic Net
0.5,0.9907899014139159,6.092380032967043,4.695802217899752,10.38615312460108,Elastic Net
0.5,0.9027708573036975,6.051236072199675,4.654892419406906,10.301925103318139,Elastic Net
0.5,0.82257118248158,6.015064031646605,4.6187323268211244,10.227053637500147,Elastic Net
0.5,0.7494962257310935,5.9833903508984205,4.5876078157932865,10.162318347031535,Elastic Net
0.5,0.6829130467353001,5.955636241675265,4.560309316253465,10.105329310349571,Elastic Net
0.5,0.622244933850562,5.930657902218449,4.537033121880194,10.057673179409539,Elastic Net
0.5,0.5669664089061783,5.908031627922547,4.51591286014766,10.014533402136728,Elastic Net
0.5,0.5165986757638549,5.888138226089471,4.49736932514014,9.976441333607875,Elastic Net
0.5,0.470705473214606,5.870699011270257,4.48066158202001,9.94199418997612,Elastic Net
0.5,0.428889296292866,5.853320832210957,4.464304569008558,9.909266107284266,Elastic Net
0.5,0.39078795327864047,5.829362819316006,4.447119642325606,9.88638175105164,Elastic Net
0.5,0.3560714285660971,5.801145848036032,4.426586408734103,9.856905850858837,Elastic Net
0.5,0.3244390242262645,5.7689723186640265,4.402296938955078,9.819409956976514,Elastic Net
0.5,0.2956167555054232,5.7398221845202855,4.37997359948182,9.78691629220407,Elastic Net
0.5,0.26935497770024014,5.715802599571416,4.3616694760244314,9.76083551919103,Elastic Net
0.5,0.24542622385477694,5.69571815131809,4.347470366147581,9.742431858954088,Elastic Net
0.5,0.22362323455053562,5.678937600485402,4.335440439692622,9.727195222016386,Elastic Net
0.5,0.2037571627245265,5.664986957114862,4.324904136157633,9.713975638623536,Elastic Net
0.5,0.1856559379663518,5.653425845598897,4.31718725485745,9.704785614200881,Elastic Net
0.5,0.16916277612662742,5.643910965369177,4.310512892040316,9.69764159387874,Elastic Net
0.5,0.15413482132768533,5.635182568304475,4.3052320070003,9.69372148470166,Elastic Net
0.5,0.14044190861430225,5.627601063026636,4.301498738935741,9.692013176527238,Elastic Net
0.5,0.12796543652712733,5.6215651443186525,4.299538084580452,9.693338630173296,Elastic Net
0.5,0.11659733983357903,5.6166799687107165,4.297955234295629,9.695034660721241,Elastic Net
0.5,0.10623915351849819,5.612586591687571,4.2966976413769515,9.696860433597827,Elastic Net
0.5,0.09680115992729138,5.608589428101539,4.295519453113307,9.697950157145632,Elastic Net
0.5,0.08820161167452707,5.604674295919782,4.294154468427709,9.697772032353294,Elastic Net
0.5,0.0803660235871902,5.603055614522287,4.29358390308012,9.699275439491418,Elastic Net
0.5,0.07322652754974664,5.601855870585031,4.293448402095234,9.701538589156616,Elastic Net
0.5,0.06672128466299394,5.601197706027577,4.293942346996515,9.70476140640345,Elastic Net
0.5,0.06079394962509969,5.600765742251255,4.294558976639873,9.707883735460898,Elastic Net
0.5,0.055393182695552046,5.600690841688697,4.295255774466662,9.711100124581971,Elastic Net
0.5,0.05047220501488802,5.601010033171315,4.296144970428838,9.714067642549663,Elastic Net
0.5,0.04598839342859139,5.601365941013346,4.299844819648979,9.72664503263949,Elastic Net
0.5,0.041902911305718785,5.604079640258337,4.305663774886185,9.742413250480231,Elastic Net
0.5,0.03818037215458162,5.606140541452692,4.310530151760981,9.755112827174598,Elastic Net
0.5,0.03478853312188367,5.608729408477773,4.315491998525687,9.76775094747917,Elastic Net
0.5,0.03169801572055052,5.610859133363052,4.319853921755044,9.778706337270878,Elastic Net
0.5,0.028882051367328913,5.613028835718253,4.324038992062439,9.789219092397214,Elastic Net
0.5,0.026316249526124547,5.615163250124255,4.328015403815931,9.799216283278472,Elastic Net
0.5,0.02397838644884658,5.61722898612377,4.331675947653989,9.80841484743303,Elastic Net
0.5,0.021848212683933346,5.619187461400272,4.335481286819848,9.817973132204223,Elastic Net
0.5,0.0199072776852901,5.621080843053347,4.339681223343661,9.828772424024297,Elastic Net
0.5,0.018138770002485302,5.622938780014385,4.343584720106603,9.838620476974487,Elastic Net
0.5,0.01652737166800947,5.624456742152847,4.34675457625258,9.84658600714693,Elastic Net
0.5,0.015059125520368559,5.626032969202877,4.349814483084676,9.854255134300193,Elastic Net
0.5,0.013721314313828116,5.627468800397787,4.35253428864882,9.861074561085633,Elastic Net
0.5,0.01250235056771454,5.628978347710785,4.354995718990763,9.867172742058418,Elastic Net
0.5,0.01139167620120083,5.630228386339011,4.356938305030388,9.871960969655856,Elastic Net
0.5,0.010379671084261376,5.631447888081745,4.358629216045651,9.87600628366634,Elastic Net
0.5,0.009457569712707843,5.633329358293001,4.360798121589901,9.881098629041176,Elastic Net
0.5,0.008617385285585253,5.6341438022495,4.361980677852733,9.883965472291193,Elastic Net
0.5,0.007851840527322922,5.636460834172031,4.364355746713118,9.889469788169267,Elastic Net
0.5,0.00715430465545485,5.636677208639222,4.364711104339573,9.890281680713596,Elastic Net
0.75,10.764937791753562,15.258711023231754,12.486372367142824,25.023249992882654,Elastic Net
0.75,9.808610387745968,14.523889292543801,11.873352796963985,23.82295525111068,Elastic Net
0.75,8.937240474561635,13.842462780322432,11.310363893173836,22.731443687341468,Elastic Net
0.75,8.143280662868483,13.21344116646722,10.792480048515568,21.735510422667346,Elastic Net
0.75,7.419854052601215,12.610863266944287,10.291344884628673,20.780475166844365,Elastic Net
0.75,6.760694668542806,11.96199902475015,9.74842102179229,19.76932108349852,Elastic Net
0.75,6.160093187444757,11.341043272751534,9.225710846909996,18.796147187957928,Elastic Net
0.75,5.612847486600414,10.786102202066518,8.759917006610229,17.936238317967376,Elastic Net
0.75,5.114217585546729,10.292806536227818,8.343115359908456,17.171622664409625,Elastic Net
0.75,4.659884590621061,9.855676272603189,7.9685544987443695,16.48720127490945,Elastic Net
0.75,4.245913286770384,9.4698124881056,7.643287574151983,15.90026175161306,Elastic Net
0.75,3.868718052601079,9.130474002982737,7.361452460774482,15.398524627620313,Elastic Net
0.75,3.525031803441747,8.745466697681472,7.036631237132666,14.777491417569664,Elastic Net
0.75,3.211877693418736,8.387273520173895,6.732957955439296,14.197679978127486,Elastic Net
0.75,2.9265433314412763,8.070199593110672,6.46534403939512,13.689095708857796,Elastic Net
0.75,2.666557287767439,7.790235218334603,6.23136270082101,13.247527194206624,Elastic Net
0.75,2.4296676876620236,7.543732611875534,6.021239325466706,12.85279795800356,Elastic Net
0.75,2.213822706734877,7.327260363265566,5.8335705622636045,12.501812501465965,Elastic Net
0.75,2.0171527990196028,7.137611833123999,5.666143454316141,12.189636282464805,Elastic Net
0.75,1.8379545038607747,6.971813376628095,5.514703819547611,11.907847168033527,Elastic Net
0.75,1.6746756913526601,6.827128984607217,5.381790106248197,11.663536720760273,Elastic Net
0.75,1.5259021185325021,6.701060851592198,5.265645698026066,11.452022316193395,Elastic Net
0.75,1.3903451798845385,6.591345822667722,5.162651336140928,11.264679321433876,Elastic Net
0.75,1.2668307460554817,6.484121344151171,5.065663638597985,11.085090257550252,Elastic Net
0.75,1.154288994107754,6.388569025838525,4.976468445111957,10.919107225780499,Elastic Net
0.75,1.0517451412249972,6.30602422669854,4.896246424669621,10.76992365420771,Elastic Net
0.75,0.9583110016096428,6.232925812609589,4.8229910271585466,10.63299785290248,Elastic Net
0.75,0.8731772934424372,6.171770311757047,4.760473035046572,10.50688818157538,Elastic Net
0.75,0.7956066292704743,6.118634156296057,4.707942754365016,10.400535423310153,Elastic Net
0.75,0.7249271291098397,6.072511520825362,4.663627799867267,10.309852636201102,Elastic Net
0.75,0.6605266009426106,6.032430606821627,4.624902837402596,10.230482209837813,Elastic Net
0.75,0.601847238202465,5.9975729604514205,4.591262363065683,10.162549831181934,Elastic Net
0.75,0.5483807883210534,5.967231443192817,4.563064540686629,10.10579476701536,Elastic Net
0.75,0.4996641504873957,5.940959195314125,4.539725706281028,10.058253661933751,Elastic Net
0.75,0.45527536449020006,5.917895013667185,4.518553301070609,10.015225622013533,Elastic Net
0.75,0.41482995590037464,5.896891500157324,4.499058137005346,9.975927943413854,Elastic Net
0.75,0.3779776059374523,5.878041157887581,4.4817938913307795,9.940534697278602,Elastic Net
0.75,0.3443991171759033,5.861422584273775,4.46654941602162,9.90939495424162,Elastic Net
0.75,0.31380364880973743,5.846894379468641,4.4532517336718485,9.881868222442613,Elastic Net
0.75,0.2859261975285774,5.8333472030464275,4.440971809465926,9.857026324490882,Elastic Net
0.75,0.26052530218576037,5.809751997342521,4.423473077195154,9.829319857671607,Elastic Net
0.75,0.23738095237739812,5.777196305560867,4.399109655139949,9.791527818879032,Elastic Net
0.75,0.21629268281750977,5.748193534751622,4.377959755054357,9.761343488957086,Elastic Net
0.75,0.19707783700361553,5.721957383089897,4.35781594637845,9.733521876906789,Elastic Net
0.75,0.17956998513349345,5.700135114077864,4.341984616409871,9.713222707832369,Elastic Net
0.75,0.16361748256985134,5.68217500690036,4.329328456384761,9.698311031065362,Elastic Net
0.75,0.14908215636702374,5.667370947392917,4.3189559663504,9.687020076304998,Elastic Net
0.75,0.1358381084830177,5.6551930126494305,4.311291117139131,9.679431435467606,Elastic Net
0.75,0.12377062531090122,5.64493565265914,4.30455981393453,9.673056146021581,Elastic Net
0.75,0.11277518408441828,5.635669386909007,4.298732053966305,9.66834555968717,Elastic Net
0.75,0.10275654755179023,5.628290770458865,4.29663524339275,9.67125042093868,Elastic Net
0.75,0.09362793907620151,5.621834780825548,4.294837132369212,9.673659148506568,Elastic Net
0.75,0.08531029101808489,5.616746361886624,4.293650688220992,9.67700395925975,Elastic Net
0.75,0.07773155988905268,5.612373099839971,4.2929611094428886,9.68114306163059,Elastic Net
0.75,0.07082610234566546,5.608433947065416,4.2924450490229145,9.684152529844736,Elastic Net
0.75,0.06453410661819425,5.605431547090817,4.292369293040328,9.687663764817229,Elastic Net
0.75,0.058801074449684715,5.60225394797706,4.291556219279637,9.688687706752484,Elastic Net
0.75,0.053577349058126805,5.601205544028366,4.291283097912788,9.69111981763146,Elastic Net
0.75,0.04881768503316443,5.6005208274616844,4.291740553570787,9.694888902160097,Elastic Net
0.75,0.044480856441995974,5.600099227066294,4.292592684941541,9.698986069112587,Elastic Net
0.75,0.040529299750066465,5.600072408292814,4.293489578662959,9.703054427194814,Elastic Net
0.75,0.03692878846370137,5.6001299951535515,4.2944191271511665,9.706914175933536,Elastic Net
0.75,0.03364813667659203,5.600575594094444,4.295499832516969,9.71045661977744,Elastic Net
0.75,0.03065892895239427,5.602942384473575,4.300791985821351,9.725989033130109,Elastic Net
0.75,0.02793527420381253,5.605877710313608,4.306297703819056,9.740635172937532,Elastic Net
0.75,0.025453581436387755,5.608565089585562,4.311307742457704,9.753296831041425,Elastic Net
0.75,0.023192355414589118,5.610751356640023,4.31604737833766,9.765550165931165,Elastic Net
0.75,0.021132010480367013,5.612812799011715,4.320407335302156,9.77675545726078,Elastic Net
0.75,0.01925470091155261,5.614798118021779,4.324322951951288,9.786796245902032,Elastic Net
0.75,0.0175441663507497,5.6171610360013,4.328559376197657,9.797648596252568,Elastic Net
0.75,0.01598559096589772,5.619432147856804,4.332495275200496,9.807666107215788,Elastic Net
0.75,0.014565475122622235,5.621358117134371,4.337271556276369,9.820242729795119,Elastic Net
0.75,0.013271518456860068,5.622688081443317,4.340686437550695,9.829023114699059,Elastic Net
0.75,0.012092513334990205,5.624687617099799,4.344701283559212,9.839211589173708,Elastic Net
0.75,0.011018247778672982,5.625593009748265,4.3475650020418755,9.847036473422442,Elastic Net
0.75,0.01003941701357904,5.6270961241098965,4.35073944156537,9.855247274431893,Elastic Net
0.75,0.009147542875885413,5.628492152725653,4.353438660368724,9.862134127248753,Elastic Net
0.75,0.008334900378476362,5.629815515760302,4.355563017255846,9.867432531205795,Elastic Net
0.75,0.007594450800800556,5.631124410398387,4.357478559165468,9.872143967391983,Elastic Net
0.75,0.0069197807228409194,5.632245365919928,4.359104705772224,9.876129837594847,Elastic Net
0.75,0.006305046475138565,5.633612420123897,4.3609062500492985,9.880504330621152,Elastic Net
0.75,0.005744923523723505,5.635281057218369,4.362893357600022,9.885305202824645,Elastic Net
0.75,0.005234560351548617,5.636428403540902,4.3643148811463925,9.88877461152841,Elastic Net
0.75,0.0047695364369699025,5.637504020880822,4.365643895052256,9.892020640989587,Elastic Net
0.75,0.004345823965302747,5.6383667913069635,4.366752983572959,9.894743038052972,Elastic Net
0.75,0.003959752941817995,5.639199969084541,4.367821156747499,9.897369793286902,Elastic Net
0.75,0.0036079794040033007,5.64015556395323,4.368683084602595,9.89921282360742,Elastic Net
0.75,0.003287456457759568,5.6406183079312795,4.369286880902773,9.900694259829441,Elastic Net
0.75,0.0029954078866618714,5.641994568609463,4.371013935301382,9.905154462574721,Elastic Net
0.75,0.002729304105700904,5.6430805014997265,4.372327556430639,9.908472098640067,Elastic Net
0.75,0.002486840251227756,5.643675008809377,4.373146379461262,9.910541564461795,Elastic Net
0.75,0.002265916217327618,5.6440139734915435,4.373833097330375,9.912323782935017,Elastic Net
1,8.073703343815176,15.258711023231754,12.486372367142824,25.023249992882654,Lasso regression
1,7.3564577908094755,14.351977406864084,11.730686358766839,23.545291579991954,Lasso regression
1,6.702930355921225,13.544394683673385,11.065418744039356,22.259818545957504,Lasso regression
1,6.107460497151361,12.826925058193714,10.471600328929545,21.120309404263836,Lasso regression
1,5.56489053945091,12.191148038687135,9.938955510569585,20.105177754439993,Lasso regression
1,5.070521001407103,11.629213097872196,9.461419860891315,19.19996566385358,Lasso regression
1,4.620069890583567,11.080647394596394,9.001669618128549,18.339850862839874,Lasso regression
1,4.20963561495031,10.532512247590843,8.545918258284255,17.497236402820235,Lasso regression
1,3.835663189160046,10.050827055985165,8.140192859856505,16.751975471141876,Lasso regression
1,3.4949134429657946,9.62878156513699,7.790440334185413,16.117023827516288,Lasso regression
1,3.1844349650777874,9.260413914699438,7.491096730379316,15.581521216584418,Lasso regression
1,2.9015385394508084,8.939742060801208,7.2279593524833885,15.113963163410144,Lasso regression
1,2.6437738525813095,8.566049907864494,6.909682669337166,14.501789291185363,Lasso regression
1,2.4089082700640514,8.227472738749741,6.620825082492868,13.951140735081383,Lasso regression
1,2.1949074985809562,7.930826767764736,6.36767832674428,13.472202564559625,Lasso regression
1,1.9999179658255783,7.669490706866346,6.14331812521219,13.049787349917287,Lasso regression
1,1.822250765746517,7.430435051883061,5.935923594900699,12.661074513080784,Lasso regression
1,1.6603670300511573,7.222087698286571,5.75078730660531,12.316201754841115,Lasso regression
1,1.5128645992647016,7.0410149456205104,5.585887107976536,12.012141854393699,Lasso regression
1,1.378465877895581,6.884011194744941,5.439886051039348,11.744574944845906,Lasso regression
1,1.2560067685144949,6.747796600847155,5.310004459880339,11.507281592147493,Lasso regression
1,1.1444265888993765,6.62983136355888,5.1980060300393,11.303572198068801,Lasso regression
1,1.042758884913404,6.5241508699903275,5.097366296109583,11.120099343771125,Lasso regression
1,0.9501230595416112,6.421635982902845,5.0003266779784035,10.939120456395775,Lasso regression
1,0.8657167455808156,6.333259508906928,4.915367023861619,10.782287036413353,Lasso regression
1,0.7888088559187477,6.2569436057598224,4.838234146221146,10.64006792331845,Lasso regression
1,0.7187332512072321,6.189906981408913,4.768430148213356,10.512022589713549,Lasso regression
1,0.6548829700818277,6.133272605181368,4.711219641461855,10.398931938448104,Lasso regression
1,0.5967049719528557,6.083815369025778,4.663949964356188,10.303606749300402,Lasso regression
1,0.5436953468323797,6.041426449336279,4.624336430519139,10.224312160474426,Lasso regression
1,0.49539495070695794,6.004568326638131,4.591081215144082,10.157851917201405,Lasso regression
1,0.4513854286518488,5.972774323951118,4.56245614694207,10.100581825907636,Lasso regression
1,0.41128559124079,5.945079734288904,4.537174173235285,10.050134548174649,Lasso regression
1,0.37474811286554677,5.921025772627011,4.515734850117407,10.006992729752486,Lasso regression
1,0.34145652336765003,5.900227106386208,4.497317624626267,9.969605827514306,Lasso regression
1,0.311122466925281,5.8811301840501615,4.48003121566148,9.934874742866894,Lasso regression
1,0.28348320445308917,5.8639323059153865,4.46471088459465,9.903947788139702,Lasso regression
1,0.25829933788192744,5.848956274225055,4.451869165021098,9.877946768201102,Lasso regression
1,0.235352736607303,5.835759592722738,4.440254373615272,9.854420068430116,Lasso regression
1,0.214444648146433,5.824023211486882,4.429520293843283,9.832711731572438,Lasso regression
1,0.19539397663932023,5.7979104016658365,4.410035705940032,9.796826753171077,Lasso regression
1,0.17803571428304854,5.766402476328398,4.386589017277252,9.761053310499902,Lasso regression
1,0.16221951211313226,5.738707958033324,4.366175741018346,9.732937236835697,Lasso regression
1,0.1478083777527116,5.7137286873570545,4.346853373585882,9.706918286753352,Lasso regression
1,0.13467748885012007,5.693260265471878,4.332313578574941,9.689695323284456,Lasso regression
1,0.12271311192738847,5.676467699248951,4.320566128432287,9.676678427687879,Lasso regression
1,0.11181161727526781,5.662597317530534,4.311635944483041,9.66822310629944,Lasso regression
1,0.10187858136226326,5.651231715186381,4.304610884520236,9.662266638039165,Lasso regression
1,0.0928279689831759,5.640958927923712,4.298468826886174,9.65720444236645,Lasso regression
1,0.08458138806331371,5.632238066252637,4.294350411600073,9.656545114428587,Lasso regression
1,0.07706741066384266,5.625482875480808,4.2930361222645255,9.661147143050703,Lasso regression
1,0.07022095430715113,5.619611543045389,4.29200762482289,9.66540511748398,Lasso regression
1,0.06398271826356366,5.614245752838217,4.2907517881729245,9.668545345590356,Lasso regression
1,0.05829866991678952,5.610176332544519,4.290544995993594,9.673302285509807,Lasso regression
1,0.053119576759249096,5.606929517803966,4.290862713207207,9.678491479375364,Lasso regression
1,0.04840057996364569,5.604200593080889,4.291012323577123,9.682754671513678,Lasso regression
1,0.044100805837263536,5.601247866906266,4.290488365838087,9.684691277654407,Lasso regression
1,0.0401830117935951,5.600453642561803,4.290298712096251,9.68740243865259,Lasso regression
1,0.03661326377487332,5.599892223566541,4.291044105361597,9.691762968050522,Lasso regression
1,0.03336064233149697,5.599697409541201,4.291963550370985,9.696199084446167,Lasso regression
1,0.030396974812549844,5.599657596379811,4.292942623525827,9.700477857025916,Lasso regression
1,0.027696591347776023,5.599899771483597,4.294027550466638,9.704806293052318,Lasso regression
1,0.02523610250744401,5.600455892069892,4.295277510162496,9.70889226675211,Lasso regression
1,0.022994196714295694,5.603581440627213,4.300805120745858,9.724120128228229,Lasso regression
1,0.020951455652859392,5.606421511305142,4.306678477924109,9.740359485465534,Lasso regression
1,0.01909018607729081,5.608966103253763,4.3118874610184355,9.753885157488057,Lasso regression
1,0.017394266560941837,5.611432910023748,4.316497928220314,9.7655938823734,Lasso regression
1,0.01584900786027526,5.613726133131286,4.321043386669909,9.777366049459529,Lasso regression
1,0.014441025683664456,5.61598954069159,4.325327078800641,9.788454919501657,Lasso regression
1,0.013158124763062273,5.6179389854717945,4.329257067047053,9.798626351076527,Lasso regression
1,0.01198919322442329,5.619997362629956,4.333375101685537,9.809185964808831,Lasso regression
1,0.010924106341966673,5.622018167444832,4.338113214867509,9.821596420078377,Lasso regression
1,0.00995363884264505,5.622869088158576,4.341061320748662,9.829529419515703,Lasso regression
1,0.009069385001242651,5.624490971254621,4.344967740531015,9.839845052967545,Lasso regression
1,0.008263685834004735,5.62602063472375,4.34825939717817,9.848380652128107,Lasso regression
1,0.007529562760184279,5.62744775162599,4.351126480163461,9.85574326435878,Lasso regression
1,0.006860657156914058,5.62890555697831,4.3538622960862545,9.862741585125343,Lasso regression
1,0.00625117528385727,5.63026097666366,4.355993362567317,9.86809787860594,Lasso regression
1,0.005695838100600415,5.631567180238979,4.357897737784483,9.872829568045907,Lasso regression
1,0.005189835542130688,5.632705694125661,4.359557742946429,9.876941006721077,Lasso regression
1,0.004728784856353922,5.633883618787182,4.361190804443326,9.880956000320781,Lasso regression
1,0.004308692642792627,5.635623493801419,4.3632348749117815,9.885895600877717,Lasso regression
1,0.003925920263661461,5.636652525226587,4.364565558234838,9.88918885112119,Lasso regression
1,0.003577152327727425,5.637651994659457,4.365819209323861,9.892273085014708,Lasso regression
1,0.0032593679739770583,5.639818200653807,4.367639521366126,9.896236917939653,Lasso regression
1,0.002969814706363495,5.63996277921836,4.367956444392887,9.897041564057407,Lasso regression
